,Time,Username,Action
0,2021-04-11 17:37:17.707829,ale,sg
1,2021-04-11 17:37:19.551169,ale,id
2,2021-04-11 17:37:20.734093,ale,ie
3,2021-04-11 17:37:21.755533,ale,in
4,2021-04-11 17:37:23.213506,ale,ig
5,2021-04-11 17:37:24.149525,ale,ii
6,2021-04-11 17:37:25.242828,ale,ir
7,2021-04-11 17:37:26.234377,ale,ia
8,2021-04-11 17:37:27.054782,ale,it
9,2021-04-11 17:37:27.061810,ale,qg
10,2021-04-11 17:38:29.519448,bab,sg
11,2021-04-11 17:38:32.518800,bab,ic
12,2021-04-11 17:38:33.784297,bab,il
13,2021-04-11 17:38:34.225138,bab,ii
14,2021-04-11 17:38:34.767934,bab,in
15,2021-04-11 17:38:35.699018,bab,ia
16,2021-04-11 17:38:36.255494,bab,iy
17,2021-04-11 17:38:37.148299,bab,id
18,2021-04-11 17:38:37.447700,bab,ir
19,2021-04-11 17:38:38.555858,bab,iv
20,2021-04-11 17:38:39.785582,bab,ie
21,2021-04-11 17:38:39.795885,bab,qg
22,2021-04-11 17:38:57.177140,ale,sg
23,2021-04-11 17:38:59.820809,ale,ic
24,2021-04-11 17:39:00.322185,ale,il
25,2021-04-11 17:39:02.019107,ale,ii
26,2021-04-11 17:39:03.050769,ale,in
27,2021-04-11 17:39:03.630522,ale,ia
28,2021-04-11 17:39:04.579116,ale,iy
29,2021-04-11 17:39:05.346910,ale,id
30,2021-04-11 17:39:06.125506,ale,ir
31,2021-04-11 17:39:07.516511,ale,iv
32,2021-04-11 17:39:08.599033,ale,ie
33,2021-04-11 17:39:08.609378,ale,qg
34,2021-04-11 17:50:07.428998,alex,sg
35,2021-04-11 17:50:09.199355,alex,is
36,2021-04-11 17:50:12.887002,alex,ic
37,2021-04-11 17:50:14.323407,alex,il
38,2021-04-11 17:50:15.029878,alex,ii
39,2021-04-11 17:50:16.423674,alex,in
40,2021-04-11 17:50:17.311184,alex,ia
41,2021-04-11 17:50:18.299036,alex,iy
42,2021-04-11 17:50:19.291335,alex,id
43,2021-04-11 17:50:19.901038,alex,ir
44,2021-04-11 17:50:20.948895,alex,iv
45,2021-04-11 17:50:21.683992,alex,ie
46,2021-04-11 17:50:21.693972,alex,qg
0,2021-04-11 17:50:29.973047,alex,sg
0,2021-04-11 17:50:32.924787,alex,is
0,2021-04-11 17:50:33.795475,alex,ie
0,2021-04-11 17:50:34.666835,alex,in
0,2021-04-11 17:50:35.864738,alex,iy
0,2021-04-11 17:50:36.731189,alex,ih
0,2021-04-11 17:50:38.790605,alex,ia
0,2021-04-11 17:50:40.081747,alex,il
0,2021-04-11 17:50:41.190746,alex,it
0,2021-04-11 17:50:41.195802,alex,qg
